{
  "mu": [
    0.000524356330473307,
    1.4726233235802668e-05,
    0.09995313385024956,
    0.004526024097949692,
    0.006019609106987883,
    0.0016503594447190497,
    0.00220724969385139,
    0.005831949945971859,
    0.007859222443383225,
    0.0045819302438429065
  ],
  "alpha": [
    [
      0.0883149563193067,
      0.06659823998699968,
      0.004682732283807937,
      0.002475406154871205,
      0.006271866772259199,
      0.000980364582668238,
      0.08105280270272361,
      0.008756832386800128,
      0.07300964105060206,
      0.0326395994704939
    ],
    [
      0.006539824025829384,
      0.03494755737987966,
      0.06888365729725628,
      0.00033681320213138334,
      0.04165833393125546,
      0.05474893545314352,
      0.003128970039150963,
      0.0063770571310663325,
      0.10632473018081459,
      0.011483218292470366
    ],
    [
      0.070429135783517,
      0.006623703905297804,
      0.015793811723885734,
      0.05662237145580841,
      0.01992549866332488,
      0.008453791536824842,
      0.033128215882474006,
      0.022098180635083016,
      0.017307981337471794,
      0.08143374143527718
    ],
    [
      0.01819531102440318,
      0.005309221066014514,
      0.0014772786593218626,
      0.06632991228390686,
      0.0528234025778036,
      1.98801981833419e-07,
      0.05323613154041924,
      0.0038086770214636675,
      0.0020431212744913465,
      0.0068371469213935445
    ],
    [
      0.03487066976751815,
      0.107921032050491,
      0.0006485775784921398,
      0.00883047976881893,
      0.06431757954519415,
      0.006231550558585503,
      0.01132207670967236,
      0.03046725249560449,
      0.010285067250247828,
      0.003606052742339732
    ],
    [
      0.06846890090462185,
      0.0027300147923955682,
      0.002148682415264196,
      0.01054511932110519,
      0.0017893217988491506,
      0.04809444811465573,
      0.06255896971479803,
      0.08072159080684958,
      0.07419528227227337,
      0.01704003205167967
    ],
    [
      0.005884129020643261,
      0.011110675930702,
      0.0036488430003675807,
      0.002637850042609247,
      0.052646058541488294,
      0.10301606574855005,
      0.01142737148794407,
      0.05415809466486408,
      0.0033685589767861535,
      0.06839610182648989
    ],
    [
      0.0059596795666834535,
      0.10404551330903573,
      0.0023617929562571313,
      0.11234101340775156,
      0.0034852360396935957,
      0.09957572229398076,
      0.009489157782142092,
      0.07705449849384319,
      0.0668688119558556,
      0.007756567978884681
    ],
    [
      0.02075175910190861,
      0.007132274251236521,
      0.09713908060387891,
      0.003004547781353682,
      0.03799833489543434,
      0.01206030805931678,
      0.07244597630663843,
      0.008781459616670281,
      0.06412668413940138,
      0.03145990492806216
    ],
    [
      0.005851614745369659,
      0.009084333569199904,
      0.08694019495977065,
      0.001061756799036581,
      0.006006638914445398,
      0.0020671547812963825,
      0.01862790390121743,
      0.004252951916670159,
      0.0008607858954857398,
      0.05857314876049844
    ]
  ],
  "beta": 0.6159146748551697,
    "T": 1000,
    "max simulation length": 1200
}