{
  "U": [
    0.00101619817125571,
    6.982037196673383e-08,
    0.09804125710320107,
    0.001969142459869394,
    0.0055616928573319225,
    0.001976499854972195,
    0.001009835841206978,
    0.005284021826588058,
    0.0030160319693680374,
    0.005205416740098625
  ],
  "A": [
    [
      0.07959507869185795,
      0.06131569753555914,
      0.005191872227402008,
      3.3291404501778125e-10,
      2.7733445904508116e-06,
      2.0964833414184023e-09,
      4.175200500385359e-09,
      0.005891967064544865,
      0.07409041663927042,
      0.01022275162367961
    ],
    [
      0.010110452489148348,
      0.07142104116190723,
      0.045003067788951696,
      1.0631753439622285e-21,
      6.041040332984455e-05,
      0.05081040104413716,
      8.457545882615278e-06,
      7.693386183863608e-10,
      0.11000289075294181,
      0.02718646248585168
    ],
    [
      0.15326944860787042,
      2.6674074760104305e-06,
      0.014600343873454902,
      0.053544745556518204,
      0.01679006205812179,
      0.0003310164673163806,
      0.02105879438471446,
      0.004315993124895596,
      0.0028848046208035535,
      0.11741789974342393
    ],
    [
      0.05348361522556703,
      4.272130159807812e-15,
      0.0035287027704443003,
      0.09291005577214971,
      0.07626680436582148,
      1.424349103496259e-52,
      0.09171457053942683,
      1.6764016754001266e-08,
      5.0943904157109e-10,
      0.0038972272876855426
    ],
    [
      0.06042831115382627,
      0.08895915919690228,
      0.0021386284110063523,
      6.60901849805255e-17,
      0.075329452262541,
      1.3272828159485415e-07,
      0.00924597558059757,
      0.05606020329541426,
      3.458955636252999e-07,
      8.168130811976813e-37
    ],
    [
      0.07787191649257827,
      1.3864231833183423e-08,
      6.252883814206658e-05,
      0.01738922701186016,
      4.215899506103029e-13,
      0.059193196559933436,
      0.0542949064199582,
      0.07415518078179724,
      0.07089242269787864,
      1.1065087667201727e-09
    ],
    [
      0.007327895765380945,
      2.974208033497114e-07,
      0.0033275389178377937,
      5.343929443080133e-23,
      0.06339881164218157,
      0.05590864807980433,
      3.0558898923908346e-06,
      0.04737333583557493,
      7.827563359599316e-06,
      0.061320487526326926
    ],
    [
      0.00037180445856696906,
      0.11832909667924355,
      7.677845639695113e-07,
      0.16828501421745015,
      1.1893211604478563e-08,
      0.050782263869947414,
      6.863304295156408e-06,
      0.06750707239812218,
      0.07815559386559266,
      2.485104352800947e-05
    ],
    [
      0.03369444807645295,
      0.03254021965376944,
      0.083975249025924,
      8.751809258696693e-08,
      0.020665322801970466,
      0.0005077780360166988,
      0.17648099992418315,
      0.016604106556657446,
      0.07062072159731678,
      0.037571136577839094
    ],
    [
      2.504445226247985e-05,
      6.980515916365531e-07,
      0.09011456219105266,
      6.817083889989915e-11,
      0.0009946744092851217,
      2.5996421136484552e-11,
      0.022587094084362817,
      0.010955784122907401,
      3.666658291172884e-08,
      0.06996075678293247
    ]
  ],
  "W": 0.5775087984095454,
  "mean_relative_error": 0.29600939269833126
}