{
  "U": [
    0.50785311821880743
  ],
  "A": [
    [
      0.19114118874188417
    ]
  ],
  "W": 0.29483437083913293,
  "mean_relative_error": 0.23749108346306266
}