{
  "U": [
    0.21099296510568974,
    0.34447252793740146
  ],
  "A": [
    [
      0.3455494458051854,
      0.39219085088099
    ],
    [
      0.12598498432253038,
      0.5985246223953336
    ]
  ],
  "W": 1.029115032292885,
  "mean_relative_error": 0.14489202413252253
}