{
  "U": [
    0.40785311821880743
  ],
  "A": [
    [
      0.15114118874188417
    ]
  ],
  "W": 0.21483437083913293,
  "mean_relative_error": 0.23749108346306266
}