{
  "U": [
    0.0007984891527536622,
    7.904950831723243e-06,
    0.09671467271610101,
    0.004213661820213653,
    0.006469455720798327,
    0.0021516941751551213,
    0.0021420348849923473,
    0.006739036734217429,
    0.0077834604937357665,
    0.004459481664817867
  ],
  "A": [
    [
      0.10025307343292036,
      0.061833956881224325,
      0.004610936660938979,
      0.0033384482734311856,
      0.006401292403985075,
      0.0090714566426254,
      0.08277038124246291,
      0.0027112838953388336,
      0.06742556467582106,
      0.02261275871895211
    ],
    [
      0.020187570995644978,
      0.029129903438046122,
      0.06707644516715852,
      0.007051588493145652,
      0.04298985698018556,
      0.08121870255744292,
      0.0021679477261333613,
      0.0012144085824593131,
      0.07446343878613923,
      0.0076439507695305565
    ],
    [
      0.0609481737101795,
      0.009415279173548664,
      0.012857878894036407,
      0.04956053896133108,
      0.01824598590103257,
      0.006371727751595999,
      0.06405714308691665,
      0.01546972619558772,
      0.007076835342984955,
      0.07485585126020447
    ],
    [
      0.010455056257514578,
      0.0049131761012091634,
      0.0017210799492318543,
      0.055228221627098374,
      0.0765035491023649,
      0.007182136857540336,
      0.044829227778112574,
      0.001606943580783602,
      0.0013939250999864907,
      0.0017797789252207096
    ],
    [
      0.022818517607844837,
      0.09551038892687258,
      0.0016240889980090225,
      0.00791565158838528,
      0.055156195825487975,
      0.00903602211477136,
      0.006487664449746131,
      0.038396537135404876,
      0.007537351851392508,
      0.0030551055485184297
    ],
    [
      0.07545404513558195,
      0.0038440726263468416,
      0.0015809953228123213,
      0.004253904136950572,
      0.003995677922071082,
      0.03555706952878674,
      0.08500858754577253,
      0.08974039862001923,
      0.085388176369983,
      0.006352391327068998
    ],
    [
      0.00015184212618677854,
      0.01699260528695139,
      0.0013294211517089632,
      0.009471986618849468,
      0.06865037839738891,
      0.11449526584611829,
      0.010186566031432235,
      0.06300082458817574,
      0.0026311222239689376,
      0.07443249827877801
    ],
    [
      0.012480001652203778,
      0.08504441653130362,
      0.0022931184166900837,
      0.09350206160338224,
      0.008626238505903187,
      0.06372952018323465,
      0.009757122296446544,
      0.08453040803851611,
      0.06197339846845412,
      0.005612131569893123
    ],
    [
      0.005337125265044097,
      0.01203371519620525,
      0.09984805439931002,
      0.008392235438346269,
      0.02698631831130389,
      0.005718997956058106,
      0.0739456383412029,
      0.005464617363630879,
      0.08863848411094903,
      0.030137238035221975
    ],
    [
      0.00533446863723058,
      0.00326585829998181,
      0.08441156114117374,
      0.007417672326322429,
      0.013118592829609371,
      0.0021145008009340925,
      0.006236511234384455,
      0.004111013075380384,
      0.002792310611559795,
      0.06882124125248379
    ]
  ],
  "W": 0.608943581921619,
  "mean_relative_error": 0.1678396670857626
}